﻿<?xml version="1.0" encoding="utf-8"?><HelpTOCNode Title="ProductTypeBL Properties" Url="html/5b3005a4-33cc-298c-b81f-cbf5725fcc51.htm"><HelpTOCNode Title="createtimestamp Property " Url="html/4203ddb8-2778-6615-549e-d797bef254ae.htm" /><HelpTOCNode Title="createui Property " Url="html/7315d5d3-f916-e08a-ef12-ef7739b60e5e.htm" /><HelpTOCNode Title="lastupdatetimestamp Property " Url="html/e86671aa-6ed5-3941-4bc2-2d2bde1482c0.htm" /><HelpTOCNode Title="lastupdateui Property " Url="html/acb78bf8-ba16-7fc9-1297-4bd78ffb48e7.htm" /><HelpTOCNode Title="products Property " Url="html/bf3fb365-9885-fc88-fea1-413b61ff5fc8.htm" /><HelpTOCNode Title="producttypedescription Property " Url="html/d054eba5-445b-2ac4-e30d-29b2ea1e8683.htm" /><HelpTOCNode Title="producttypeid Property " Url="html/b242b020-9628-460f-73a2-36fdb9e0cbfc.htm" /><HelpTOCNode Title="producttypename Property " Url="html/e6530c98-0e1a-88b7-c78c-8a043f9b6bdd.htm" /></HelpTOCNode>