﻿<?xml version="1.0" encoding="utf-8"?><HelpTOCNode Title="Customer Properties" Url="html/865cb5c7-04a7-1d5c-866d-5dcb32bbf380.htm"><HelpTOCNode Title="createtimestamp Property " Url="html/27ef23b9-8cba-783f-c652-6f100730fbaa.htm" /><HelpTOCNode Title="createui Property " Url="html/77589696-e751-33dd-fb8f-6f60c931934d.htm" /><HelpTOCNode Title="custaddress Property " Url="html/a041b5ae-f4d5-f2af-a988-04f9b48537a3.htm" /><HelpTOCNode Title="custcity Property " Url="html/7163c57f-7141-b7d5-4f59-b5dc1ab366ed.htm" /><HelpTOCNode Title="custcountry Property " Url="html/4262fbc5-c300-901d-4323-016105f1a160.htm" /><HelpTOCNode Title="custdob Property " Url="html/3f2eda84-2c7e-d307-02ea-2f68e94a51a3.htm" /><HelpTOCNode Title="custfname Property " Url="html/bbce4196-25f3-c676-b037-ad4cef27b9ac.htm" /><HelpTOCNode Title="custid Property " Url="html/354ab25d-cad1-8981-358f-c219ffff6f2c.htm" /><HelpTOCNode Title="custlname Property " Url="html/c82a2cd0-d3e9-27bf-a98f-b10ec858e9bc.htm" /><HelpTOCNode Title="customeremail Property " Url="html/661874c4-0c76-e065-d379-89a51c3ca521.htm" /><HelpTOCNode Title="customerphonenumber Property " Url="html/6bbbfd98-d7e5-a4cc-f94d-e7bacddb9042.htm" /><HelpTOCNode Title="custstate Property " Url="html/8ef94313-b4b8-c228-9821-a1f12ed4c9b5.htm" /><HelpTOCNode Title="custzipcode Property " Url="html/c1c71fb0-c705-c7fc-82e5-82819abb9a9b.htm" /><HelpTOCNode Title="lastupdatetimestamp Property " Url="html/fe8984a8-addf-dcee-13c7-950832915187.htm" /><HelpTOCNode Title="lastupdateui Property " Url="html/07d9ccd5-5d1d-90e3-e65f-fc13ab0f2ec2.htm" /></HelpTOCNode>