﻿<?xml version="1.0" encoding="utf-8"?><HelpTOCNode Title="ProductBL Properties" Url="html/f2c13cb9-ea0f-ac4e-5557-58899a06c113.htm"><HelpTOCNode Title="createtimestamp Property " Url="html/e3351ad9-64ed-d959-b5fe-092038d98860.htm" /><HelpTOCNode Title="createui Property " Url="html/e7069d36-4b7b-69fb-ed60-59201e024897.htm" /><HelpTOCNode Title="lastupdatetimestamp Property " Url="html/170868b9-253b-f058-4528-5ee9fd761ff7.htm" /><HelpTOCNode Title="lastupdateui Property " Url="html/81442fac-dc3e-0dc1-9ca4-0cf22aa075ca.htm" /><HelpTOCNode Title="price Property " Url="html/7054d660-fac0-c76b-0198-54080d83e8c4.htm" /><HelpTOCNode Title="productdescription Property " Url="html/53faffea-39e6-32cc-0e39-2e98921d1433.htm" /><HelpTOCNode Title="productid Property " Url="html/1b5a1700-a1f9-af5f-ab5f-beb49bd2af09.htm" /><HelpTOCNode Title="productname Property " Url="html/2a6ead77-62a1-93e3-ae59-721176742b66.htm" /><HelpTOCNode Title="producttypeid Property " Url="html/c0eb2507-850b-0dc6-fa41-4379c9796bd1.htm" /></HelpTOCNode>