﻿<?xml version="1.0" encoding="utf-8"?>
<HelpKI>
  <HelpKINode Title="createtimestamp property">
    <HelpKINode Title="Customer.createtimestamp Property " Url="html/27ef23b9-8cba-783f-c652-6f100730fbaa.htm" />
    <HelpKINode Title="ProductBL.createtimestamp Property " Url="html/e3351ad9-64ed-d959-b5fe-092038d98860.htm" />
    <HelpKINode Title="ProductTypeBL.createtimestamp Property " Url="html/4203ddb8-2778-6615-549e-d797bef254ae.htm" />
  </HelpKINode>
  <HelpKINode Title="createui property">
    <HelpKINode Title="Customer.createui Property " Url="html/77589696-e751-33dd-fb8f-6f60c931934d.htm" />
    <HelpKINode Title="ProductBL.createui Property " Url="html/e7069d36-4b7b-69fb-ed60-59201e024897.htm" />
    <HelpKINode Title="ProductTypeBL.createui Property " Url="html/7315d5d3-f916-e08a-ef12-ef7739b60e5e.htm" />
  </HelpKINode>
  <HelpKINode Title="custaddress property" Url="html/a041b5ae-f4d5-f2af-a988-04f9b48537a3.htm" />
  <HelpKINode Title="custcity property" Url="html/7163c57f-7141-b7d5-4f59-b5dc1ab366ed.htm" />
  <HelpKINode Title="custcountry property" Url="html/4262fbc5-c300-901d-4323-016105f1a160.htm" />
  <HelpKINode Title="custdob property" Url="html/3f2eda84-2c7e-d307-02ea-2f68e94a51a3.htm" />
  <HelpKINode Title="custfname property" Url="html/bbce4196-25f3-c676-b037-ad4cef27b9ac.htm" />
  <HelpKINode Title="custid property" Url="html/354ab25d-cad1-8981-358f-c219ffff6f2c.htm" />
  <HelpKINode Title="custlname property" Url="html/c82a2cd0-d3e9-27bf-a98f-b10ec858e9bc.htm" />
  <HelpKINode Title="Customer class">
    <HelpKINode Title="Customer Class" Url="html/f9ebe273-1be6-d6f0-d038-650c297bbfc2.htm" />
    <HelpKINode Title="constructor" Url="html/5c5583c7-d0c8-f7ac-bef8-0e51a75c7be1.htm" />
    <HelpKINode Title="methods" Url="html/8a0b7b0a-03c1-710e-ff21-81efc7c5ea06.htm" />
    <HelpKINode Title="properties" Url="html/865cb5c7-04a7-1d5c-866d-5dcb32bbf380.htm" />
  </HelpKINode>
  <HelpKINode Title="Customer.createtimestamp property" Url="html/27ef23b9-8cba-783f-c652-6f100730fbaa.htm" />
  <HelpKINode Title="Customer.createui property" Url="html/77589696-e751-33dd-fb8f-6f60c931934d.htm" />
  <HelpKINode Title="Customer.custaddress property" Url="html/a041b5ae-f4d5-f2af-a988-04f9b48537a3.htm" />
  <HelpKINode Title="Customer.custcity property" Url="html/7163c57f-7141-b7d5-4f59-b5dc1ab366ed.htm" />
  <HelpKINode Title="Customer.custcountry property" Url="html/4262fbc5-c300-901d-4323-016105f1a160.htm" />
  <HelpKINode Title="Customer.custdob property" Url="html/3f2eda84-2c7e-d307-02ea-2f68e94a51a3.htm" />
  <HelpKINode Title="Customer.custfname property" Url="html/bbce4196-25f3-c676-b037-ad4cef27b9ac.htm" />
  <HelpKINode Title="Customer.custid property" Url="html/354ab25d-cad1-8981-358f-c219ffff6f2c.htm" />
  <HelpKINode Title="Customer.custlname property" Url="html/c82a2cd0-d3e9-27bf-a98f-b10ec858e9bc.htm" />
  <HelpKINode Title="Customer.Customer constructor" Url="html/5c5583c7-d0c8-f7ac-bef8-0e51a75c7be1.htm" />
  <HelpKINode Title="Customer.customeremail property" Url="html/661874c4-0c76-e065-d379-89a51c3ca521.htm" />
  <HelpKINode Title="Customer.customerphonenumber property" Url="html/6bbbfd98-d7e5-a4cc-f94d-e7bacddb9042.htm" />
  <HelpKINode Title="Customer.custstate property" Url="html/8ef94313-b4b8-c228-9821-a1f12ed4c9b5.htm" />
  <HelpKINode Title="Customer.custzipcode property" Url="html/c1c71fb0-c705-c7fc-82e5-82819abb9a9b.htm" />
  <HelpKINode Title="Customer.DeleteCustomer method" Url="html/e3f3fe9f-e58c-248e-9d72-8c28bd7c52cf.htm" />
  <HelpKINode Title="Customer.GetCustomers method" Url="html/e7aa540e-4243-1a78-619d-5138d306db34.htm" />
  <HelpKINode Title="Customer.lastupdatetimestamp property" Url="html/fe8984a8-addf-dcee-13c7-950832915187.htm" />
  <HelpKINode Title="Customer.lastupdateui property" Url="html/07d9ccd5-5d1d-90e3-e65f-fc13ab0f2ec2.htm" />
  <HelpKINode Title="Customer.SaveCustomer method" Url="html/1058987d-a74d-e2c4-1a58-9d39a3ad6218.htm" />
  <HelpKINode Title="Customer.UpdateCustomer method" Url="html/2b573b57-6a09-62ce-115a-382a1d9a5eae.htm" />
  <HelpKINode Title="customeremail property" Url="html/661874c4-0c76-e065-d379-89a51c3ca521.htm" />
  <HelpKINode Title="customerphonenumber property" Url="html/6bbbfd98-d7e5-a4cc-f94d-e7bacddb9042.htm" />
  <HelpKINode Title="custstate property" Url="html/8ef94313-b4b8-c228-9821-a1f12ed4c9b5.htm" />
  <HelpKINode Title="custzipcode property" Url="html/c1c71fb0-c705-c7fc-82e5-82819abb9a9b.htm" />
  <HelpKINode Title="DeleteCustomer method">
    <HelpKINode Title="Customer.DeleteCustomer Method " Url="html/e3f3fe9f-e58c-248e-9d72-8c28bd7c52cf.htm" />
    <HelpKINode Title="ICustomer.DeleteCustomer Method " Url="html/e7679ddf-27c4-e3a5-86c4-ca6ad3fdccdd.htm" />
  </HelpKINode>
  <HelpKINode Title="DeleteProduct method">
    <HelpKINode Title="IProductBL.DeleteProduct Method " Url="html/84057b32-333b-95fd-cee3-bd75b455a321.htm" />
    <HelpKINode Title="ProductBL.DeleteProduct Method " Url="html/27ff2936-0659-1b3c-1b13-c72f6f6e7637.htm" />
  </HelpKINode>
  <HelpKINode Title="DeleteProductType method">
    <HelpKINode Title="IProductTypeBL.DeleteProductType Method " Url="html/dafa5a31-a382-3e17-8e01-78129ce56dc7.htm" />
    <HelpKINode Title="ProductTypeBL.DeleteProductType Method " Url="html/6d054301-5295-526a-71bc-080c803491a1.htm" />
  </HelpKINode>
  <HelpKINode Title="GetCustomers method">
    <HelpKINode Title="Customer.GetCustomers Method " Url="html/e7aa540e-4243-1a78-619d-5138d306db34.htm" />
    <HelpKINode Title="ICustomer.GetCustomers Method " Url="html/d7827bea-c4bb-6bd3-47eb-01e8b7887109.htm" />
  </HelpKINode>
  <HelpKINode Title="GetProduct method">
    <HelpKINode Title="IProductBL.GetProduct Method " Url="html/77e1d389-a7ce-0b14-02a3-075408a00f86.htm" />
    <HelpKINode Title="ProductBL.GetProduct Method " Url="html/c7c8851a-bba9-b866-f855-34ced3ca0553.htm" />
  </HelpKINode>
  <HelpKINode Title="GetProductType method">
    <HelpKINode Title="IProductTypeBL.GetProductType Method " Url="html/0dc915e4-e26c-0b86-974c-cc8e60e77aeb.htm" />
    <HelpKINode Title="ProductTypeBL.GetProductType Method " Url="html/571c9740-82f4-f8e9-4b52-10eb2fbdb3a8.htm" />
  </HelpKINode>
  <HelpKINode Title="GetProductTypes method">
    <HelpKINode Title="IProductTypeBL.GetProductTypes Method " Url="html/38ed0999-6330-16df-a538-dd3053e30547.htm" />
    <HelpKINode Title="ProductTypeBL.GetProductTypes Method " Url="html/46c13d51-8b3a-283f-e77a-cd7e95c5c30b.htm" />
  </HelpKINode>
  <HelpKINode Title="ICustomer interface">
    <HelpKINode Title="ICustomer Interface" Url="html/76ac1725-7ce1-a6fd-750b-a35ab7728862.htm" />
    <HelpKINode Title="methods" Url="html/8ede6b42-3d6d-0db3-0695-d28acb4741c1.htm" />
  </HelpKINode>
  <HelpKINode Title="ICustomer.DeleteCustomer method" Url="html/e7679ddf-27c4-e3a5-86c4-ca6ad3fdccdd.htm" />
  <HelpKINode Title="ICustomer.GetCustomers method" Url="html/d7827bea-c4bb-6bd3-47eb-01e8b7887109.htm" />
  <HelpKINode Title="ICustomer.SaveCustomer method" Url="html/e4615792-46ae-7a54-3ab7-38d395859663.htm" />
  <HelpKINode Title="ICustomer.UpdateCustomer method" Url="html/fd866523-5094-ec78-c398-05ade3ce9476.htm" />
  <HelpKINode Title="IProductBL interface">
    <HelpKINode Title="IProductBL Interface" Url="html/8c360928-cd05-5d79-ced2-27a6d3c88d01.htm" />
    <HelpKINode Title="methods" Url="html/60fb55f4-ba78-0324-94b3-192ba531fcb0.htm" />
  </HelpKINode>
  <HelpKINode Title="IProductBL.DeleteProduct method" Url="html/84057b32-333b-95fd-cee3-bd75b455a321.htm" />
  <HelpKINode Title="IProductBL.GetProduct method" Url="html/77e1d389-a7ce-0b14-02a3-075408a00f86.htm" />
  <HelpKINode Title="IProductBL.SaveProduct method" Url="html/35cea026-ddd7-b027-ab52-be5e5d243ebb.htm" />
  <HelpKINode Title="IProductBL.UpdateProduct method" Url="html/7d966c72-d49b-8410-994d-a90bc8451ffe.htm" />
  <HelpKINode Title="IProductTypeBL interface">
    <HelpKINode Title="IProductTypeBL Interface" Url="html/1760f43f-9b2c-8f35-d15f-cadd277a4230.htm" />
    <HelpKINode Title="methods" Url="html/f5e46370-3a06-4d53-2073-f34b7e681da4.htm" />
  </HelpKINode>
  <HelpKINode Title="IProductTypeBL.DeleteProductType method" Url="html/dafa5a31-a382-3e17-8e01-78129ce56dc7.htm" />
  <HelpKINode Title="IProductTypeBL.GetProductType method" Url="html/0dc915e4-e26c-0b86-974c-cc8e60e77aeb.htm" />
  <HelpKINode Title="IProductTypeBL.GetProductTypes method" Url="html/38ed0999-6330-16df-a538-dd3053e30547.htm" />
  <HelpKINode Title="IProductTypeBL.SaveProductType method" Url="html/eb90f742-857a-19c8-6f8c-efd083f7b3c6.htm" />
  <HelpKINode Title="IProductTypeBL.UpdateProductType method" Url="html/d826bf2c-c7c2-9d67-2384-c2ca75df3386.htm" />
  <HelpKINode Title="lastupdatetimestamp property">
    <HelpKINode Title="Customer.lastupdatetimestamp Property " Url="html/fe8984a8-addf-dcee-13c7-950832915187.htm" />
    <HelpKINode Title="ProductBL.lastupdatetimestamp Property " Url="html/170868b9-253b-f058-4528-5ee9fd761ff7.htm" />
    <HelpKINode Title="ProductTypeBL.lastupdatetimestamp Property " Url="html/e86671aa-6ed5-3941-4bc2-2d2bde1482c0.htm" />
  </HelpKINode>
  <HelpKINode Title="lastupdateui property">
    <HelpKINode Title="Customer.lastupdateui Property " Url="html/07d9ccd5-5d1d-90e3-e65f-fc13ab0f2ec2.htm" />
    <HelpKINode Title="ProductBL.lastupdateui Property " Url="html/81442fac-dc3e-0dc1-9ca4-0cf22aa075ca.htm" />
    <HelpKINode Title="ProductTypeBL.lastupdateui Property " Url="html/acb78bf8-ba16-7fc9-1297-4bd78ffb48e7.htm" />
  </HelpKINode>
  <HelpKINode Title="price property" Url="html/7054d660-fac0-c76b-0198-54080d83e8c4.htm" />
  <HelpKINode Title="ProductBL class">
    <HelpKINode Title="ProductBL Class" Url="html/4480e863-f59c-aca8-1067-0b21ea210369.htm" />
    <HelpKINode Title="constructor" Url="html/5bf5a56c-d2d2-72f7-b61d-5dee96ca5fbd.htm" />
    <HelpKINode Title="methods" Url="html/811b128b-27b7-15b8-916a-0078f84992c1.htm" />
    <HelpKINode Title="properties" Url="html/f2c13cb9-ea0f-ac4e-5557-58899a06c113.htm" />
  </HelpKINode>
  <HelpKINode Title="ProductBL.createtimestamp property" Url="html/e3351ad9-64ed-d959-b5fe-092038d98860.htm" />
  <HelpKINode Title="ProductBL.createui property" Url="html/e7069d36-4b7b-69fb-ed60-59201e024897.htm" />
  <HelpKINode Title="ProductBL.DeleteProduct method" Url="html/27ff2936-0659-1b3c-1b13-c72f6f6e7637.htm" />
  <HelpKINode Title="ProductBL.GetProduct method" Url="html/c7c8851a-bba9-b866-f855-34ced3ca0553.htm" />
  <HelpKINode Title="ProductBL.lastupdatetimestamp property" Url="html/170868b9-253b-f058-4528-5ee9fd761ff7.htm" />
  <HelpKINode Title="ProductBL.lastupdateui property" Url="html/81442fac-dc3e-0dc1-9ca4-0cf22aa075ca.htm" />
  <HelpKINode Title="ProductBL.price property" Url="html/7054d660-fac0-c76b-0198-54080d83e8c4.htm" />
  <HelpKINode Title="ProductBL.ProductBL constructor" Url="html/5bf5a56c-d2d2-72f7-b61d-5dee96ca5fbd.htm" />
  <HelpKINode Title="ProductBL.productdescription property" Url="html/53faffea-39e6-32cc-0e39-2e98921d1433.htm" />
  <HelpKINode Title="ProductBL.productid property" Url="html/1b5a1700-a1f9-af5f-ab5f-beb49bd2af09.htm" />
  <HelpKINode Title="ProductBL.productname property" Url="html/2a6ead77-62a1-93e3-ae59-721176742b66.htm" />
  <HelpKINode Title="ProductBL.producttypeid property" Url="html/c0eb2507-850b-0dc6-fa41-4379c9796bd1.htm" />
  <HelpKINode Title="ProductBL.SaveProduct method" Url="html/e26fa6b0-51d2-b20f-e0b5-9264cc6e9551.htm" />
  <HelpKINode Title="ProductBL.UpdateProduct method" Url="html/b9ecab4d-9f71-7249-5b5c-02f44c0990fd.htm" />
  <HelpKINode Title="productdescription property" Url="html/53faffea-39e6-32cc-0e39-2e98921d1433.htm" />
  <HelpKINode Title="productid property" Url="html/1b5a1700-a1f9-af5f-ab5f-beb49bd2af09.htm" />
  <HelpKINode Title="productname property" Url="html/2a6ead77-62a1-93e3-ae59-721176742b66.htm" />
  <HelpKINode Title="products property" Url="html/bf3fb365-9885-fc88-fea1-413b61ff5fc8.htm" />
  <HelpKINode Title="ProductTypeBL class">
    <HelpKINode Title="ProductTypeBL Class" Url="html/f31a762f-1bc8-36e5-06f4-0d6f90434030.htm" />
    <HelpKINode Title="constructor" Url="html/689c704d-f3b7-b9a9-c4dc-b4be11c11c28.htm" />
    <HelpKINode Title="methods" Url="html/886abbca-a0b8-7d71-f1f3-4a81c3afec4c.htm" />
    <HelpKINode Title="properties" Url="html/5b3005a4-33cc-298c-b81f-cbf5725fcc51.htm" />
  </HelpKINode>
  <HelpKINode Title="ProductTypeBL.createtimestamp property" Url="html/4203ddb8-2778-6615-549e-d797bef254ae.htm" />
  <HelpKINode Title="ProductTypeBL.createui property" Url="html/7315d5d3-f916-e08a-ef12-ef7739b60e5e.htm" />
  <HelpKINode Title="ProductTypeBL.DeleteProductType method" Url="html/6d054301-5295-526a-71bc-080c803491a1.htm" />
  <HelpKINode Title="ProductTypeBL.GetProductType method" Url="html/571c9740-82f4-f8e9-4b52-10eb2fbdb3a8.htm" />
  <HelpKINode Title="ProductTypeBL.GetProductTypes method" Url="html/46c13d51-8b3a-283f-e77a-cd7e95c5c30b.htm" />
  <HelpKINode Title="ProductTypeBL.lastupdatetimestamp property" Url="html/e86671aa-6ed5-3941-4bc2-2d2bde1482c0.htm" />
  <HelpKINode Title="ProductTypeBL.lastupdateui property" Url="html/acb78bf8-ba16-7fc9-1297-4bd78ffb48e7.htm" />
  <HelpKINode Title="ProductTypeBL.products property" Url="html/bf3fb365-9885-fc88-fea1-413b61ff5fc8.htm" />
  <HelpKINode Title="ProductTypeBL.ProductTypeBL constructor" Url="html/689c704d-f3b7-b9a9-c4dc-b4be11c11c28.htm" />
  <HelpKINode Title="ProductTypeBL.producttypedescription property" Url="html/d054eba5-445b-2ac4-e30d-29b2ea1e8683.htm" />
  <HelpKINode Title="ProductTypeBL.producttypeid property" Url="html/b242b020-9628-460f-73a2-36fdb9e0cbfc.htm" />
  <HelpKINode Title="ProductTypeBL.producttypename property" Url="html/e6530c98-0e1a-88b7-c78c-8a043f9b6bdd.htm" />
  <HelpKINode Title="ProductTypeBL.SaveProductType method" Url="html/c5a4f3b3-604f-39d2-c25a-91a18a606690.htm" />
  <HelpKINode Title="ProductTypeBL.UpdateProductType method" Url="html/115c0d57-693b-27e5-e02f-fca392f5fd06.htm" />
  <HelpKINode Title="producttypedescription property" Url="html/d054eba5-445b-2ac4-e30d-29b2ea1e8683.htm" />
  <HelpKINode Title="producttypeid property">
    <HelpKINode Title="ProductBL.producttypeid Property " Url="html/c0eb2507-850b-0dc6-fa41-4379c9796bd1.htm" />
    <HelpKINode Title="ProductTypeBL.producttypeid Property " Url="html/b242b020-9628-460f-73a2-36fdb9e0cbfc.htm" />
  </HelpKINode>
  <HelpKINode Title="producttypename property" Url="html/e6530c98-0e1a-88b7-c78c-8a043f9b6bdd.htm" />
  <HelpKINode Title="SaveCustomer method">
    <HelpKINode Title="Customer.SaveCustomer Method " Url="html/1058987d-a74d-e2c4-1a58-9d39a3ad6218.htm" />
    <HelpKINode Title="ICustomer.SaveCustomer Method " Url="html/e4615792-46ae-7a54-3ab7-38d395859663.htm" />
  </HelpKINode>
  <HelpKINode Title="SaveProduct method">
    <HelpKINode Title="IProductBL.SaveProduct Method " Url="html/35cea026-ddd7-b027-ab52-be5e5d243ebb.htm" />
    <HelpKINode Title="ProductBL.SaveProduct Method " Url="html/e26fa6b0-51d2-b20f-e0b5-9264cc6e9551.htm" />
  </HelpKINode>
  <HelpKINode Title="SaveProductType method">
    <HelpKINode Title="IProductTypeBL.SaveProductType Method " Url="html/eb90f742-857a-19c8-6f8c-efd083f7b3c6.htm" />
    <HelpKINode Title="ProductTypeBL.SaveProductType Method " Url="html/c5a4f3b3-604f-39d2-c25a-91a18a606690.htm" />
  </HelpKINode>
  <HelpKINode Title="ShopBridgeBAL namespace" Url="html/7544841e-b98a-5cd6-d577-0ef93d6342ac.htm" />
  <HelpKINode Title="ShopBridgeBAL.Customer class" Url="html/f9ebe273-1be6-d6f0-d038-650c297bbfc2.htm" />
  <HelpKINode Title="ShopBridgeBAL.ICustomer interface" Url="html/76ac1725-7ce1-a6fd-750b-a35ab7728862.htm" />
  <HelpKINode Title="ShopBridgeBAL.IProductBL interface" Url="html/8c360928-cd05-5d79-ced2-27a6d3c88d01.htm" />
  <HelpKINode Title="ShopBridgeBAL.IProductTypeBL interface" Url="html/1760f43f-9b2c-8f35-d15f-cadd277a4230.htm" />
  <HelpKINode Title="ShopBridgeBAL.ProductBL class" Url="html/4480e863-f59c-aca8-1067-0b21ea210369.htm" />
  <HelpKINode Title="ShopBridgeBAL.ProductTypeBL class" Url="html/f31a762f-1bc8-36e5-06f4-0d6f90434030.htm" />
  <HelpKINode Title="UpdateCustomer method">
    <HelpKINode Title="Customer.UpdateCustomer Method " Url="html/2b573b57-6a09-62ce-115a-382a1d9a5eae.htm" />
    <HelpKINode Title="ICustomer.UpdateCustomer Method " Url="html/fd866523-5094-ec78-c398-05ade3ce9476.htm" />
  </HelpKINode>
  <HelpKINode Title="UpdateProduct method">
    <HelpKINode Title="IProductBL.UpdateProduct Method " Url="html/7d966c72-d49b-8410-994d-a90bc8451ffe.htm" />
    <HelpKINode Title="ProductBL.UpdateProduct Method " Url="html/b9ecab4d-9f71-7249-5b5c-02f44c0990fd.htm" />
  </HelpKINode>
  <HelpKINode Title="UpdateProductType method">
    <HelpKINode Title="IProductTypeBL.UpdateProductType Method " Url="html/d826bf2c-c7c2-9d67-2384-c2ca75df3386.htm" />
    <HelpKINode Title="ProductTypeBL.UpdateProductType Method " Url="html/115c0d57-693b-27e5-e02f-fca392f5fd06.htm" />
  </HelpKINode>
</HelpKI>
