﻿<?xml version="1.0" encoding="utf-8"?>
<HelpTOC>

  <HelpTOCNode Id="727078b7-0546-4572-b867-528d0b59a3c3" Title="ShopBridgeBAL" Url="html/7544841e-b98a-5cd6-d577-0ef93d6342ac.htm">
    <HelpTOCNode Id="eaab868a-eb8a-4b93-b0a0-acd2f10ad63e" Title="Customer Class" Url="html/f9ebe273-1be6-d6f0-d038-650c297bbfc2.htm">
      <HelpTOCNode Title="Customer Constructor " Url="html/5c5583c7-d0c8-f7ac-bef8-0e51a75c7be1.htm" />
      <HelpTOCNode Id="2600246d-bf64-4925-b69f-30ca4328c04e" Title="Customer Properties" Url="html/865cb5c7-04a7-1d5c-866d-5dcb32bbf380.htm">
        <HelpTOCNode Title="createtimestamp Property " Url="html/27ef23b9-8cba-783f-c652-6f100730fbaa.htm" />
        <HelpTOCNode Title="createui Property " Url="html/77589696-e751-33dd-fb8f-6f60c931934d.htm" />
        <HelpTOCNode Title="custaddress Property " Url="html/a041b5ae-f4d5-f2af-a988-04f9b48537a3.htm" />
        <HelpTOCNode Title="custcity Property " Url="html/7163c57f-7141-b7d5-4f59-b5dc1ab366ed.htm" />
        <HelpTOCNode Title="custcountry Property " Url="html/4262fbc5-c300-901d-4323-016105f1a160.htm" />
        <HelpTOCNode Title="custdob Property " Url="html/3f2eda84-2c7e-d307-02ea-2f68e94a51a3.htm" />
        <HelpTOCNode Title="custfname Property " Url="html/bbce4196-25f3-c676-b037-ad4cef27b9ac.htm" />
        <HelpTOCNode Title="custid Property " Url="html/354ab25d-cad1-8981-358f-c219ffff6f2c.htm" />
        <HelpTOCNode Title="custlname Property " Url="html/c82a2cd0-d3e9-27bf-a98f-b10ec858e9bc.htm" />
        <HelpTOCNode Title="customeremail Property " Url="html/661874c4-0c76-e065-d379-89a51c3ca521.htm" />
        <HelpTOCNode Title="customerphonenumber Property " Url="html/6bbbfd98-d7e5-a4cc-f94d-e7bacddb9042.htm" />
        <HelpTOCNode Title="custstate Property " Url="html/8ef94313-b4b8-c228-9821-a1f12ed4c9b5.htm" />
        <HelpTOCNode Title="custzipcode Property " Url="html/c1c71fb0-c705-c7fc-82e5-82819abb9a9b.htm" />
        <HelpTOCNode Title="lastupdatetimestamp Property " Url="html/fe8984a8-addf-dcee-13c7-950832915187.htm" />
        <HelpTOCNode Title="lastupdateui Property " Url="html/07d9ccd5-5d1d-90e3-e65f-fc13ab0f2ec2.htm" />
      </HelpTOCNode>
      <HelpTOCNode Id="20af4efe-ab3c-4149-8f40-9dabb5097b8f" Title="Customer Methods" Url="html/8a0b7b0a-03c1-710e-ff21-81efc7c5ea06.htm">
        <HelpTOCNode Title="DeleteCustomer Method " Url="html/e3f3fe9f-e58c-248e-9d72-8c28bd7c52cf.htm" />
        <HelpTOCNode Id="61b60e7b-7ffc-41a3-bf9f-292fd44367aa" Title="GetCustomers Method " Url="html/e7aa540e-4243-1a78-619d-5138d306db34.htm">
          <HelpTOCNode Title="GetCustomers Method " Url="html/c6cc29c1-7670-a637-642d-4f363f4a3a46.htm" />
          <HelpTOCNode Title="GetCustomers Method (Int32)" Url="html/735fa1f0-b71d-3f45-9c98-785505b8db61.htm" />
        </HelpTOCNode>
        <HelpTOCNode Title="SaveCustomer Method " Url="html/1058987d-a74d-e2c4-1a58-9d39a3ad6218.htm" />
        <HelpTOCNode Title="UpdateCustomer Method " Url="html/2b573b57-6a09-62ce-115a-382a1d9a5eae.htm" />
      </HelpTOCNode>
    </HelpTOCNode>
    <HelpTOCNode Id="74f0e3cd-f001-4086-a87c-50fd0d52b71c" Title="ICustomer Interface" Url="html/76ac1725-7ce1-a6fd-750b-a35ab7728862.htm">
      <HelpTOCNode Id="020c93c5-1f38-4460-9e03-157ccde08574" Title="ICustomer Methods" Url="html/8ede6b42-3d6d-0db3-0695-d28acb4741c1.htm">
        <HelpTOCNode Title="DeleteCustomer Method " Url="html/e7679ddf-27c4-e3a5-86c4-ca6ad3fdccdd.htm" />
        <HelpTOCNode Id="21c9fd2b-81a9-4d78-b32f-f40a5877eb4a" Title="GetCustomers Method " Url="html/d7827bea-c4bb-6bd3-47eb-01e8b7887109.htm">
          <HelpTOCNode Title="GetCustomers Method " Url="html/75324687-a11f-3665-5b62-7c5918c32304.htm" />
          <HelpTOCNode Title="GetCustomers Method (Int32)" Url="html/b3d202e7-7de6-7864-c367-2711c40d9a5a.htm" />
        </HelpTOCNode>
        <HelpTOCNode Title="SaveCustomer Method " Url="html/e4615792-46ae-7a54-3ab7-38d395859663.htm" />
        <HelpTOCNode Title="UpdateCustomer Method " Url="html/fd866523-5094-ec78-c398-05ade3ce9476.htm" />
      </HelpTOCNode>
    </HelpTOCNode>
    <HelpTOCNode Id="187bd699-a378-4b26-b922-b810da13143c" Title="IProductBL Interface" Url="html/8c360928-cd05-5d79-ced2-27a6d3c88d01.htm">
      <HelpTOCNode Id="b4d7aed9-1abb-48a1-a18a-c3a8ba0eb106" Title="IProductBL Methods" Url="html/60fb55f4-ba78-0324-94b3-192ba531fcb0.htm">
        <HelpTOCNode Title="DeleteProduct Method " Url="html/84057b32-333b-95fd-cee3-bd75b455a321.htm" />
        <HelpTOCNode Id="397490e4-8a96-49de-b097-3fdd38a0e090" Title="GetProduct Method " Url="html/77e1d389-a7ce-0b14-02a3-075408a00f86.htm">
          <HelpTOCNode Title="GetProduct Method " Url="html/afbd56e5-39b1-38c3-8194-f0b133de9d4d.htm" />
          <HelpTOCNode Title="GetProduct Method (Int32)" Url="html/d43c1f5b-2bf2-8b90-aed2-ed2e94958d1f.htm" />
        </HelpTOCNode>
        <HelpTOCNode Title="SaveProduct Method " Url="html/35cea026-ddd7-b027-ab52-be5e5d243ebb.htm" />
        <HelpTOCNode Title="UpdateProduct Method " Url="html/7d966c72-d49b-8410-994d-a90bc8451ffe.htm" />
      </HelpTOCNode>
    </HelpTOCNode>
    <HelpTOCNode Id="882553d3-c12b-441f-b6ff-6ce73afe0e59" Title="IProductTypeBL Interface" Url="html/1760f43f-9b2c-8f35-d15f-cadd277a4230.htm">
      <HelpTOCNode Id="6b4c5a10-c756-474a-ac43-58f65e445465" Title="IProductTypeBL Methods" Url="html/f5e46370-3a06-4d53-2073-f34b7e681da4.htm">
        <HelpTOCNode Title="DeleteProductType Method " Url="html/dafa5a31-a382-3e17-8e01-78129ce56dc7.htm" />
        <HelpTOCNode Title="GetProductType Method " Url="html/0dc915e4-e26c-0b86-974c-cc8e60e77aeb.htm" />
        <HelpTOCNode Title="GetProductTypes Method " Url="html/38ed0999-6330-16df-a538-dd3053e30547.htm" />
        <HelpTOCNode Title="SaveProductType Method " Url="html/eb90f742-857a-19c8-6f8c-efd083f7b3c6.htm" />
        <HelpTOCNode Title="UpdateProductType Method " Url="html/d826bf2c-c7c2-9d67-2384-c2ca75df3386.htm" />
      </HelpTOCNode>
    </HelpTOCNode>
    <HelpTOCNode Id="6411f8c4-46f0-40ba-a14e-129248a88c73" Title="ProductBL Class" Url="html/4480e863-f59c-aca8-1067-0b21ea210369.htm">
      <HelpTOCNode Title="ProductBL Constructor " Url="html/5bf5a56c-d2d2-72f7-b61d-5dee96ca5fbd.htm" />
      <HelpTOCNode Id="2f1908bd-97fd-40d6-afbe-b39f08c433d4" Title="ProductBL Properties" Url="html/f2c13cb9-ea0f-ac4e-5557-58899a06c113.htm">
        <HelpTOCNode Title="createtimestamp Property " Url="html/e3351ad9-64ed-d959-b5fe-092038d98860.htm" />
        <HelpTOCNode Title="createui Property " Url="html/e7069d36-4b7b-69fb-ed60-59201e024897.htm" />
        <HelpTOCNode Title="lastupdatetimestamp Property " Url="html/170868b9-253b-f058-4528-5ee9fd761ff7.htm" />
        <HelpTOCNode Title="lastupdateui Property " Url="html/81442fac-dc3e-0dc1-9ca4-0cf22aa075ca.htm" />
        <HelpTOCNode Title="price Property " Url="html/7054d660-fac0-c76b-0198-54080d83e8c4.htm" />
        <HelpTOCNode Title="productdescription Property " Url="html/53faffea-39e6-32cc-0e39-2e98921d1433.htm" />
        <HelpTOCNode Title="productid Property " Url="html/1b5a1700-a1f9-af5f-ab5f-beb49bd2af09.htm" />
        <HelpTOCNode Title="productname Property " Url="html/2a6ead77-62a1-93e3-ae59-721176742b66.htm" />
        <HelpTOCNode Title="producttypeid Property " Url="html/c0eb2507-850b-0dc6-fa41-4379c9796bd1.htm" />
      </HelpTOCNode>
      <HelpTOCNode Id="b4332222-1d40-4474-bde1-2a502f9f867d" Title="ProductBL Methods" Url="html/811b128b-27b7-15b8-916a-0078f84992c1.htm">
        <HelpTOCNode Title="DeleteProduct Method " Url="html/27ff2936-0659-1b3c-1b13-c72f6f6e7637.htm" />
        <HelpTOCNode Id="dfc95d76-1a99-40aa-8eea-229c65d39353" Title="GetProduct Method " Url="html/c7c8851a-bba9-b866-f855-34ced3ca0553.htm">
          <HelpTOCNode Title="GetProduct Method " Url="html/b573b5b7-07c3-c54a-c85a-801746d6cb7c.htm" />
          <HelpTOCNode Title="GetProduct Method (Int32)" Url="html/703dc2fd-f8ed-2ce0-fa36-17c58e1343d5.htm" />
        </HelpTOCNode>
        <HelpTOCNode Title="SaveProduct Method " Url="html/e26fa6b0-51d2-b20f-e0b5-9264cc6e9551.htm" />
        <HelpTOCNode Title="UpdateProduct Method " Url="html/b9ecab4d-9f71-7249-5b5c-02f44c0990fd.htm" />
      </HelpTOCNode>
    </HelpTOCNode>
    <HelpTOCNode Id="2917bbe0-6467-4645-88dc-691823c93908" Title="ProductTypeBL Class" Url="html/f31a762f-1bc8-36e5-06f4-0d6f90434030.htm">
      <HelpTOCNode Title="ProductTypeBL Constructor " Url="html/689c704d-f3b7-b9a9-c4dc-b4be11c11c28.htm" />
      <HelpTOCNode Id="cadcca57-2ec0-4e87-92a3-ad63e72d5b29" Title="ProductTypeBL Properties" Url="html/5b3005a4-33cc-298c-b81f-cbf5725fcc51.htm">
        <HelpTOCNode Title="createtimestamp Property " Url="html/4203ddb8-2778-6615-549e-d797bef254ae.htm" />
        <HelpTOCNode Title="createui Property " Url="html/7315d5d3-f916-e08a-ef12-ef7739b60e5e.htm" />
        <HelpTOCNode Title="lastupdatetimestamp Property " Url="html/e86671aa-6ed5-3941-4bc2-2d2bde1482c0.htm" />
        <HelpTOCNode Title="lastupdateui Property " Url="html/acb78bf8-ba16-7fc9-1297-4bd78ffb48e7.htm" />
        <HelpTOCNode Title="products Property " Url="html/bf3fb365-9885-fc88-fea1-413b61ff5fc8.htm" />
        <HelpTOCNode Title="producttypedescription Property " Url="html/d054eba5-445b-2ac4-e30d-29b2ea1e8683.htm" />
        <HelpTOCNode Title="producttypeid Property " Url="html/b242b020-9628-460f-73a2-36fdb9e0cbfc.htm" />
        <HelpTOCNode Title="producttypename Property " Url="html/e6530c98-0e1a-88b7-c78c-8a043f9b6bdd.htm" />
      </HelpTOCNode>
      <HelpTOCNode Id="6af58688-e9f8-4442-9835-da162edbeeff" Title="ProductTypeBL Methods" Url="html/886abbca-a0b8-7d71-f1f3-4a81c3afec4c.htm">
        <HelpTOCNode Title="DeleteProductType Method " Url="html/6d054301-5295-526a-71bc-080c803491a1.htm" />
        <HelpTOCNode Title="GetProductType Method " Url="html/571c9740-82f4-f8e9-4b52-10eb2fbdb3a8.htm" />
        <HelpTOCNode Title="GetProductTypes Method " Url="html/46c13d51-8b3a-283f-e77a-cd7e95c5c30b.htm" />
        <HelpTOCNode Title="SaveProductType Method " Url="html/c5a4f3b3-604f-39d2-c25a-91a18a606690.htm" />
        <HelpTOCNode Title="UpdateProductType Method " Url="html/115c0d57-693b-27e5-e02f-fca392f5fd06.htm" />
      </HelpTOCNode>
    </HelpTOCNode>
  </HelpTOCNode>
</HelpTOC>
